g/kg,,Urbanski + Liu (1-8),,,,,,,,Revised (9-32),,,,,,,,,,,,,,,,,,,,,,,,,,
,,SE pine,Boreal,Rx NW Conifer,WF NW Conifer,W Shrub,Grass,Residual CWD,Residual Duff,SE grass F/S,SE Grass F,SE Grass S,SE Hdwd F/S,SE Hdwd F,SE Hdwd S,SE Pine F/S,SE Pine F,SE Pine S,SE Shrub F/S,SE Shrub F,SE Shrub S,W MC F/S,W MC F,W MC S,W Grass F/S,W Grass F,W Grass S,W Hdwd F/S,W Hdwd F,W Hdwd S,W Shrub F/S,W Shrub F,W Shrub S,Boreal F/S,Boreal F,Boreal S
Pollutant,Formula,1,2,3,4,5,6,7,8,9,10,11,12,13,14,15,16,17,18,19,20,21,22,23,24,25,26,27,28,29,30,31,32,33,34,35
Carbon Dioxide,CO2,1703,1641,1598,1454,1674,1705,1408,1371,1686,1696,1538,1645,1666,1580,1576,1692,1462,1708,1746,1461,1629,1662,1579,1421,1547,1210,1733,1733,,1588,1684,1539,1566,1641,1290
Carbon Monoxide,CO,76,95,105,89.3,74,61,229,257,68,65,119,82,67,130,97,74,166,73,70,94,104,80,140,56,30,101,47,47,,116,75,172,98.6,71,243
Methane,CH4,2.32,3.38,4.86,4.9,3.69,1.95,13.94,7.945,2.53,2.22,5.4,3.43,2.2,5.9,4.12,2.41,11.36,2.38,2.2,3.3,5.04,3.4,7.59,2.9,1.63,4.8,1.66,1.66,,2.16,1.87,4.14,3.27,2.04,5.53
Nitrogen Oxides,NOx,1.7,1,2.06,0.49,2.18,2.18,0,0.67,3.53,3.53,,3.1,3.1,,3.34,2.43,1.56,2.86,2.86,,1.41,1.49,1.08,,,,3.25,3.25,,5.31,4.52,6.69,1.29,1.7,0.89
Ammonia,NH3,0.14,0.79,1.53,1.5,1.5,1.5,0.48,2.67,1.3,1.37,1.1,2.83,2.4,3.7,0.82,0.52,1.56,2.86,2.86,,0.9,0.83,1.74,0.56,0.3,1.35,0.6,0.6,,1.75,1.62,3.4,1.93,1.05,2.66
Sulfur Dioxide,SO2,1.06,1.06,1.06,0.32,0.68,0.68,0,1.76,0.83,0.93,0.5,0.63,0.7,0.5,0.99,1.06,1.55,0.74,0.67,1.1,1.38,1.35,1.73,2.98,,2.98,0.69,0.69,,0.73,0.75,0.55,0.53,0.133,1.16
PM2.5,PM2.5,12.58,21.5,17.57,26,7.06,8.51,33,35.3,12.08,12.08,,,,,25.2,20.91,29.35,12.03,12.03,,14.58,13.83,20.05,,,,6.83,6.83,,7.88,7.12,9.79,10.17,10.17,
PM10,PM10,14.8444,25.37,20.7326,27.376,8.3308,10.0418,38.94,41.654,14.2544,14.2544,,,,,29.736,24.6738,34.633,14.1954,14.1954,,17.2044,16.3194,23.659,,,,8.0594,8.0594,,9.2984,8.4016,11.5522,12.0006,12.0006,
Total non-methane VOCs,NMOC,16.046,23.152,26.975,33.874,17.4988,17.6451,45.175,61.6955,,,,,,,,,,,,,,,,,,,,,,,,,,,
1_1-Dimethylhydrazine,C2H8N2,0.02,0.027,0.032,,0.046,0.046,0.063,0,,,,,,,,,,,,,,,,,,,,,,,,,,,
1_2-Butadiene,C4H6,0.001,0.002,0.002,,0.0025,0.0025,0.004,0,,,,,,,,,,,,,,,,,,,,,,,,,,,
1_2-Butyne,C4H6,0.01,0.003,0.004,,0.00875,0.00875,0.008,0.014,,,,,,,,,,,,,,,,,,,,,,,,,,,
1_2-Dihydronaphthalene,C10H10,0.004,0.006,0.007,,0.00685,0.00685,0.014,0.006,,,,,,,,,,,,,,,,,,,,,,,,,,,
1_3-Butadiene,C4H6,0.258,0.07,0.181,0.055,0.12,0.12,0.147,0.293,,,,,,,,,,,,,,,,,,,,,,,,,,,
1_3-Butadiyne,C4H2,0.001,0.001,0.001,,0.0058,0.0058,0.002,0.009,,,,,,,,,,,,,,,,,,,,,,,,,,,
1_3-CyclopentadienePIT,C5H6,0.028,0.039,0.045,,0.0257,0.0257,0.09,0.125,,,,,,,,,,,,,,,,,,,,,,,,,,,
1_3-Dihydronaphthalene,C10H10,0.005,0.007,0.008,,0.0074,0.0074,0.015,0.007,,,,,,,,,,,,,,,,,,,,,,,,,,,
1_3-MethylIndene,C10H10,0,0,0,,0.00145,0.00145,0,0.002,,,,,,,,,,,,,,,,,,,,,,,,,,,
1_4-Diethylbenzene,C10H14,0.002,0.002,0.003,,0.00155,0.00155,0.005,0.002,,,,,,,,,,,,,,,,,,,,,,,,,,,
1-Butanol,C4H10O,0.063,0.088,0.103,,0.208,0.208,0.204,1.18,,,,,,,,,,,,,,,,,,,,,,,,,,,
1-Butene,C4H8,0.131,0.077,0.145,0.08,0.0909,0.0909,0.248,0.311,,,,,,,,,,,,,,,,,,,,,,,,,,,
1-Butenylbenzene,C10H14,0.002,0.002,0.003,,0.0025,0.0025,0.005,0.002,,,,,,,,,,,,,,,,,,,,,,,,,,,
1-Decene,C10H20,0.011,0.015,0.018,,0.0125,0.0125,0.036,0.022,,,,,,,,,,,,,,,,,,,,,,,,,,,
1-Ethyl-2-Methylbenzene,C9H12,0.006,0.009,0.01,,0.0111,0.0111,0.02,0.012,,,,,,,,,,,,,,,,,,,,,,,,,,,
"1-Ethyl-3-,4-Methylbenzene",C9H12,0.021,0.029,0.033,,0.0163,0.0163,0.067,0.043,,,,,,,,,,,,,,,,,,,,,,,,,,,
1-Heptene,C7H14,0.025,0.038,0.045,,0.0524,0.0524,0.089,0.088,,,,,,,,,,,,,,,,,,,,,,,,,,,
1-Hexene,C6H12,0.036,0.051,0.06,,0.0673,0.0673,0.118,0.011,,,,,,,,,,,,,,,,,,,,,,,,,,,
1-Methyl-1-Propenylbenzene,C10H12,0.009,0.013,0.015,,0.0321,0.0321,0.03,0.005,,,,,,,,,,,,,,,,,,,,,,,,,,,
1-Methylcyclohexane,C7H14,0.003,0.004,0.004,,0.0028,0.0028,0.009,0.009,,,,,,,,,,,,,,,,,,,,,,,,,,,
1-Methylcyclohexene,C7H12,0.006,0.008,0.01,,0.0028,0.0028,0.019,0.01,,,,,,,,,,,,,,,,,,,,,,,,,,,
1-Methylcyclopentane,C6H12,0.058,0.081,0.095,,0.00455,0.00455,0.189,0.015,,,,,,,,,,,,,,,,,,,,,,,,,,,
1-Methylcyclopentene,C6H10,0.003,0.004,0.004,,0.0117,0.0117,0.009,0.019,,,,,,,,,,,,,,,,,,,,,,,,,,,
1-Methylpyrazole,C4H6N2,0.001,0.002,0.002,,0.0051,0.0051,0.004,0.028,,,,,,,,,,,,,,,,,,,,,,,,,,,
1-Methylpyrrole,C5H7N,0.002,0.003,0.004,,0.0119,0.0119,0.008,0.015,,,,,,,,,,,,,,,,,,,,,,,,,,,
1-Nonene,C9H18,0.008,0.011,0.013,,0.0103,0.0103,0.025,0.023,,,,,,,,,,,,,,,,,,,,,,,,,,,
1-Octene,C8H16,0.022,0.039,0.046,,0.0522,0.0522,0.066,0.087,,,,,,,,,,,,,,,,,,,,,,,,,,,
1-Pentene,C5H10,0.03,0.034,0.04,0.026,0.0177,0.0177,0.065,0.083,,,,,,,,,,,,,,,,,,,,,,,,,,,
1-Propenylbenzene,C9H10,0.001,0.002,0.002,,0.0046,0.0046,0.005,0.001,,,,,,,,,,,,,,,,,,,,,,,,,,,
1-Undecene,C11H22,0.014,0.019,0.023,,0.0136,0.0136,0.045,0.036,,,,,,,,,,,,,,,,,,,,,,,,,,,
"1,2,3-Trimethylbenzene",C9H12,0.047,0.025,0.033,,0.0183,0.0183,0.167,0.029,,,,,,,,,,,,,,,,,,,,,,,,,,,
"1,2,4-Trimethylbenzene",C9H12,0.071,0.015,0.036,,0.0166,0.0166,0.124,0.056,,,,,,,,,,,,,,,,,,,,,,,,,,,
"1,3,5-Trimethylbenzene",C9H12,0.02,0.003,0.015,,0.0143,0.0143,0.025,0.021,,,,,,,,,,,,,,,,,,,,,,,,,,,
2_2-Dimethylbutane,C6H14,0,0,0,,0.00005,0.00005,0,0.002,,,,,,,,,,,,,,,,,,,,,,,,,,,
2_2-Dimethylpropane,C5H12,0,0.001,0.001,,0.0001,0.0001,0.001,0.005,,,,,,,,,,,,,,,,,,,,,,,,,,,
2_3-Butadione,C4H6O2,0.167,0.232,0.272,,0.146,0.146,0.54,0.694,,,,,,,,,,,,,,,,,,,,,,,,,,,
2_3-Dihydro-1_4-Dioxin,C4H6O2,0.002,0.002,0.003,,0.00255,0.00255,0.005,0.016,,,,,,,,,,,,,,,,,,,,,,,,,,,
2_5-Dihydrofuran,C4H6O,0.001,0.001,0.001,,0.0153,0.0153,0.003,0,,,,,,,,,,,,,,,,,,,,,,,,,,,
2_5-Dimethylfuran,C6H8O,0.031,0.031,0.036,,0.0208,0.0208,0.194,0.076,,,,,,,,,,,,,,,,,,,,,,,,,,,
2-Ethylfuran,C6H8O,0.009,0.017,0.02,,0.0094,0.0094,0.036,0.048,,,,,,,,,,,,,,,,,,,,,,,,,,,
2-Ethylpyrazine,C6H8N2,0.004,0.006,0.007,,0.00415,0.00415,0.014,0.021,,,,,,,,,,,,,,,,,,,,,,,,,,,
2-Furaldehyde,C5H4O2,0.067,0.45,0.528,,0.279,0.279,0.067,0.647,,,,,,,,,,,,,,,,,,,,,,,,,,,
2-Hexanone,C6H12O,0.007,0.01,0.012,,0.0153,0.0153,0.023,0.01,,,,,,,,,,,,,,,,,,,,,,,,,,,
2-Methyl-1-Butene,C5H10,0.019,0.015,0.017,,0.00965,0.00965,0.046,0.026,,,,,,,,,,,,,,,,,,,,,,,,,,,
2-Methyl-1-Pentene,C6H12,0.035,0.049,0.057,,0.0674,0.0674,0.114,0.117,,,,,,,,,,,,,,,,,,,,,,,,,,,
2-Methyl-2-Butenal,C5H8O,0.005,0.007,0.008,,0.0059,0.0059,0.24,0.023,,,,,,,,,,,,,,,,,,,,,,,,,,,
2-Methyl-2-Butene,C5H10,0.024,0.025,0.03,,0.0147,0.0147,0.072,0.027,,,,,,,,,,,,,,,,,,,,,,,,,,,
2-Methylbutanal,C5H10O,0.026,0.036,0.042,,0.0422,0.0422,0.083,0.092,,,,,,,,,,,,,,,,,,,,,,,,,,,
2-Methylfuran,C5H6O,0.007,0.009,0.011,,0.159,0.159,0.646,0.537,,,,,,,,,,,,,,,,,,,,,,,,,,,
2-Methylpropanal,C4H8O,0.021,0.034,0.04,,0.0439,0.0439,0.114,0.092,,,,,,,,,,,,,,,,,,,,,,,,,,,
2-Methylpropene,C4H8,0.053,0.073,0.086,,0.0262,0.0262,0.171,0.246,,,,,,,,,,,,,,,,,,,,,,,,,,,
2-Methylstyrene,C9H10,0.006,0.009,0.01,,0.0135,0.0135,0.02,0.019,,,,,,,,,,,,,,,,,,,,,,,,,,,
2-Pentanone,C5H10O,0.022,0.031,0.036,,0.0524,0.0524,0.072,0.097,,,,,,,,,,,,,,,,,,,,,,,,,,,
2-Propenylbenzene,C9H10,0.004,0.005,0.006,,0.00595,0.00595,0.012,0.009,,,,,,,,,,,,,,,,,,,,,,,,,,,
3-Carene,C10H16,0.009,0.013,0.015,,0.0189,0.0189,0.03,0.023,,,,,,,,,,,,,,,,,,,,,,,,,,,
3-Furaldehyde,C5H4O2,0.013,0.019,0.022,,0.0118,0.0118,0.043,0.059,,,,,,,,,,,,,,,,,,,,,,,,,,,
3-Hexanone,C6H12O,0.018,0.025,0.029,,0.033,0.033,0.059,0.054,,,,,,,,,,,,,,,,,,,,,,,,,,,
3-Methyl-1-Butene,C5H10,0.014,0.004,0.005,,0.0033,0.0033,0.025,0.01,,,,,,,,,,,,,,,,,,,,,,,,,,,
3-Methyl-2-Butanone,C5H10O,0.011,0.023,0.027,,0.0228,0.0228,0.062,0.039,,,,,,,,,,,,,,,,,,,,,,,,,,,
3-Methylfuran,C5H6O,0.018,0.025,0.03,,0.0129,0.0129,0.059,0.073,,,,,,,,,,,,,,,,,,,,,,,,,,,
3-Methylpentane,C6H14,0.003,0.018,0.005,0.0061,0.0032,0.0032,0.011,0.014,,,,,,,,,,,,,,,,,,,,,,,,,,,
3-Methylstyrene,C9H10,0.01,0.015,0.017,,0.02,0.02,0.034,0.034,,,,,,,,,,,,,,,,,,,,,,,,,,,
3-Pentanone,C5H10O,0.018,0.026,0.03,,0.03,0.03,0.06,0.065,,,,,,,,,,,,,,,,,,,,,,,,,,,
4-Methylstyrene,C9H10,0.005,0.008,0.009,,0.0062,0.0062,0.018,0.013,,,,,,,,,,,,,,,,,,,,,,,,,,,
Acetaldehyde,CH3CHO,0.641,0.953,1.119,1.64,0.563,0.563,1.546,2.7,,,,,,,,,,,,,,,,,,,,,,,,,,,
Acetic Acid,CH3COOH,1.489,2.42,3.02,,1.91,1.91,1.837,7.3995,,,,,,,,,,,,,,,,,,,,,,,,,,,
Acetone,C3H6O,0.651,0.37,0.575,1.13,0.31,0.31,1.548,1.39,,,,,,,,,,,,,,,,,,,,,,,,,,,
Acetonitrile,CH3CN,0.032,0.3,0.215,0.25,0.146,0.146,0.406,0.739,,,,,,,,,,,,,,,,,,,,,,,,,,,
Acrolein,C3H4O,0.323,0.291,0.342,,0.386,0.386,0.472,0.59,,,,,,,,,,,,,,,,,,,,,,,,,,,
Acrylic Acid,C3H4O2,0.029,0.04,0.047,,0.00975,0.00975,0.093,0.153,,,,,,,,,,,,,,,,,,,,,,,,,,,
Acrylonitrile,C3H3N,0.054,0.029,0.034,0.25,0.026,0.026,0.027,0.151,,,,,,,,,,,,,,,,,,,,,,,,,,,
alpha-Methylstyrene,C9H10,0.002,0.003,0.003,,0.0047,0.0047,0.007,0.004,,,,,,,,,,,,,,,,,,,,,,,,,,,
alpha-Pinene,C10H16,0.094,0.81,0.052,0.017,0.0163,0.0163,2.65,0.084,,,,,,,,,,,,,,,,,,,,,,,,,,,
Benzaldehyde,C7H6O,0.168,0.233,0.274,,0.243,0.243,0.544,0.583,,,,,,,,,,,,,,,,,,,,,,,,,,,
Benzene,C6H6,0.283,0.55,0.3,0.43,0.451,0.451,0.803,0.586,,,,,,,,,,,,,,,,,,,,,,,,,,,
Benzenenitrile,C7H5N,0.038,0.053,0.062,,0.0557,0.0557,0.124,0.101,,,,,,,,,,,,,,,,,,,,,,,,,,,
Benzofuran,C8H6O,0.083,0.115,0.135,,0.103,0.103,0.268,0.908,,,,,,,,,,,,,,,,,,,,,,,,,,,
beta-Pinene,C10H16,0.052,0.72,0.026,0.01,0.0133,0.0133,0.316,0.092,,,,,,,,,,,,,,,,,,,,,,,,,,,
Butenyne,C4H4,0.002,0.003,0.003,,0.00935,0.00935,0.007,0.018,,,,,,,,,,,,,,,,,,,,,,,,,,,
C10H14 non-aromatic,C10H14,0.002,0.003,0.004,,0.0024,0.0024,0.007,0,,,,,,,,,,,,,,,,,,,,,,,,,,,
C11 Aromatics,C11,0.084,0.117,0.138,,0.0547,0.0547,0.274,0.228,,,,,,,,,,,,,,,,,,,,,,,,,,,
Camphene,C10H16,0.008,0.024,0.028,,0.00945,0.00945,0.361,0.081,,,,,,,,,,,,,,,,,,,,,,,,,,,
cis-1_3-Hexadiene,C6H10,0.001,0.002,0.002,,0.0019,0.0019,0.004,0.004,,,,,,,,,,,,,,,,,,,,,,,,,,,
cis-1_3-Pentadiene,C5H8,0.01,0.014,0.016,,0.0221,0.0221,0.032,0.036,,,,,,,,,,,,,,,,,,,,,,,,,,,
cis-2-Butene,C4H8,0.028,0.015,0.038,0.0067,0.0147,0.0147,0.089,0.098,,,,,,,,,,,,,,,,,,,,,,,,,,,
cis-2-Hexene,C6H12,0.013,0.018,0.021,,0.0147,0.0147,0.041,0.005,,,,,,,,,,,,,,,,,,,,,,,,,,,
cis-2-Pentene,C5H10,0.009,0.037,0.043,,0.0315,0.0315,0.021,0.049,,,,,,,,,,,,,,,,,,,,,,,,,,,
Crotonaldehyde,C4H6O,0.181,0.252,0.296,,0.182,0.182,0.588,0.494,,,,,,,,,,,,,,,,,,,,,,,,,,,
Cyclohexene,C6H10,0.009,0.013,0.015,,0.0116,0.0116,0.031,0.015,,,,,,,,,,,,,,,,,,,,,,,,,,,
Cyclohexene,C6H12,0.001,0.002,0.002,,0.00175,0.00175,0.004,0.006,,,,,,,,,,,,,,,,,,,,,,,,,,,
Cyclopentane,C5H10,0.002,0.003,0.004,,0.0008,0.0008,0.007,0.012,,,,,,,,,,,,,,,,,,,,,,,,,,,
Cyclopentanone,C5H8O,0.087,0.12,0.141,,0.0834,0.0834,0.281,0.199,,,,,,,,,,,,,,,,,,,,,,,,,,,
Cyclopentene,C5H8,0.045,0.027,0.032,,0.0406,0.0406,0.07,0.06,,,,,,,,,,,,,,,,,,,,,,,,,,,
Cyclopentenedione,C5H4O2,0.007,0.01,0.012,,0.00685,0.00685,0.023,0.019,,,,,,,,,,,,,,,,,,,,,,,,,,,
Cyclopentenone,C5H6O,0.004,0.005,0.006,,0.0748,0.0748,0.013,0.201,,,,,,,,,,,,,,,,,,,,,,,,,,,
D-Limonene,C10H16,0.06,0.083,0.097,,0.0249,0.0249,2.647,0.085,,,,,,,,,,,,,,,,,,,,,,,,,,,
Divinylacetylene,C6H6,0.002,0.002,0.003,,0.0068,0.0068,0.005,0.016,,,,,,,,,,,,,,,,,,,,,,,,,,,
Ethane,C2H6,0.288,0.61,0.665,0.72,0.48,0.48,2.723,2.12,,,,,,,,,,,,,,,,,,,,,,,,,,,
Ethanol,CH3CH2OH,0.012,0.027,0.239,,0.0553,0.0553,0.019,0.495,,,,,,,,,,,,,,,,,,,,,,,,,,,
Ethene,C2H4,1.09,1.31,1.381,0.91,1.01,1.01,1.398,1.4645,,,,,,,,,,,,,,,,,,,,,,,,,,,
Ethyl Formate,C3H6O2,0.005,0.007,0.009,,0.0126,0.0126,0.017,0.024,,,,,,,,,,,,,,,,,,,,,,,,,,,
Ethyl Xylene_i1,isomer1_C10H14,0.006,0.008,0.009,,0.0063,0.0063,0.018,0.003,,,,,,,,,,,,,,,,,,,,,,,,,,,
Ethyl Xylene_i2,isomer2_C10H14,0.003,0.004,0.005,,0.0041,0.0041,0.01,0.002,,,,,,,,,,,,,,,,,,,,,,,,,,,
Ethylbenzene,C8H10,0.039,0.025,0.056,0.026,0.0401,0.0401,0.111,0.104,,,,,,,,,,,,,,,,,,,,,,,,,,,
Ethylstyrene,C10H12,0.002,0.003,0.004,,0.00435,0.00435,0.008,0.002,,,,,,,,,,,,,,,,,,,,,,,,,,,
Ethyne,C2H2,0.362,0.237,0.312,0.24,0.213,0.213,0.207,0.157,,,,,,,,,,,,,,,,,,,,,,,,,,,
Ethynyl Benzene,C8H6,0.004,0.005,0.006,,0.0526,0.0526,0.072,0.043,,,,,,,,,,,,,,,,,,,,,,,,,,,
Formaldehyde,HCHO,1.681,1.975,2.235,2.29,1.33,1.33,2.124,2.4765,,,,,,,,,,,,,,,,,,,,,,,,,,,
FormicAcid,HCOOH,0.116,0.47,0.184,,0.0775,0.0775,0,1.0945,,,,,,,,,,,,,,,,,,,,,,,,,,,
Furan,C4H4O,0.178,0.28,0.49,0.51,0.302,0.302,0.855,1.265,,,,,,,,,,,,,,,,,,,,,,,,,,,
gamma-Terpinene,C10H16,0.001,0.001,0.002,,0.00535,0.00535,0.003,0.004,,,,,,,,,,,,,,,,,,,,,,,,,,,
Glycolaldehyde,C2H4O2,0.305,0.506,0.725,,0.199,0.199,0,3.72,,,,,,,,,,,,,,,,,,,,,,,,,,,
Glycolic Acid,C2H4O3,0.028,0.039,0.046,,0.00455,0.00455,0.091,0.09,,,,,,,,,,,,,,,,,,,,,,,,,,,
Heptadiyne_i1,isomer1_C7H8,0.001,0.001,0.002,,0.00205,0.00205,0.003,0.005,,,,,,,,,,,,,,,,,,,,,,,,,,,
Heptadiyne_i2,isomer2_C7H8,0,0,0,,0.0024,0.0024,0.001,0.002,,,,,,,,,,,,,,,,,,,,,,,,,,,
Hexenes,sum3isos_C6H12,0.04,0.056,0.066,,0.0571,0.0571,0.13,0.01,,,,,,,,,,,,,,,,,,,,,,,,,,,
Hexenyne,C6H8,0.002,0.003,0.004,,0.0062,0.0062,0.008,0.021,,,,,,,,,,,,,,,,,,,,,,,,,,,
Hydrogen Cyanide,HCN,0.613,0.89,0.765,0.34,0.749,0.749,0.723,1.988,,,,,,,,,,,,,,,,,,,,,,,,,,,
i-Butane,C4H10,0.01,0.021,0.09,0.016,0.0214,0.0214,0.069,0.238,,,,,,,,,,,,,,,,,,,,,,,,,,,
i-Pentane,C5H12,0.028,0.019,0.041,0.01,0.00865,0.00865,0.03,0.136,,,,,,,,,,,,,,,,,,,,,,,,,,,
Indane,C9H10,0.004,0.006,0.007,,0.0087,0.0087,0.013,0.01,,,,,,,,,,,,,,,,,,,,,,,,,,,
Indene,C9H8,0.012,0.017,0.02,,0.0305,0.0305,0.04,0.051,,,,,,,,,,,,,,,,,,,,,,,,,,,
iso-Limonene,C10H16,0.003,0.005,0.006,,0.0003,0.0003,0.011,0.002,,,,,,,,,,,,,,,,,,,,,,,,,,,
Isobutylbenzene,C10H14,0.005,0.007,0.008,,0.00505,0.00505,0.017,0.008,,,,,,,,,,,,,,,,,,,,,,,,,,,
Isocyanic Acid,HNCO,0.09,0.126,0.147,,0.0815,0.0815,0.293,0.271,,,,,,,,,,,,,,,,,,,,,,,,,,,
Isoprene,C5H8,0.14,0.074,0.096,0.038,0.0465,0.0465,0.374,0.079,,,,,,,,,,,,,,,,,,,,,,,,,,,
Isopropylbenzene,C9H12,0.001,0.005,0.006,,0.0061,0.0061,0.006,0.006,,,,,,,,,,,,,,,,,,,,,,,,,,,
"m,p-Xylenes",C8H10,0.08,0.06,0.144,0.086,0.0692,0.0692,0.286,0.178,,,,,,,,,,,,,,,,,,,,,,,,,,,
Methacrolein,C4H6O,0.039,0.043,0.064,,0.0426,0.0426,0.081,0.102,,,,,,,,,,,,,,,,,,,,,,,,,,,
Methanol,CH3OH,0.986,1.305,2.515,2.45,1.35,1.35,3.517,4.6775,,,,,,,,,,,,,,,,,,,,,,,,,,,
Methyl Acetate,C3H6O2,0.007,0.148,0.174,,0.259,0.259,0.069,0.277,,,,,,,,,,,,,,,,,,,,,,,,,,,
Methyl Acrylate,C4H6O2,0.005,0.007,0.008,,0.00845,0.00845,0.015,0.045,,,,,,,,,,,,,,,,,,,,,,,,,,,
Methyl Diazine_i2,isomer2_C5H6N2,0.004,0.005,0.006,,0.00925,0.00925,0.011,0.009,,,,,,,,,,,,,,,,,,,,,,,,,,,
Methyl Diazine_i3,isomer3_C5H6N2,0.002,0.003,0.003,,0.0022,0.0022,0.006,0,,,,,,,,,,,,,,,,,,,,,,,,,,,
Methyl Ethyl Ketone,MEK_C4H8O,0.098,0.11,0.175,,0.105,0.105,0.323,0.422,,,,,,,,,,,,,,,,,,,,,,,,,,,
Methyl Formate,C2H4O2,0.014,0.019,0.022,,0.0732,0.0732,0.044,0.049,,,,,,,,,,,,,,,,,,,,,,,,,,,
Methyl Propanoate,C4H8O2,0.003,0.004,0.005,,0.0098,0.0098,0.01,0.002,,,,,,,,,,,,,,,,,,,,,,,,,,,
Methyl Vinyl Ketone,MVK_C4H6O,0.058,0.097,0.309,0.33,0.227,0.227,0.194,0.421,,,,,,,,,,,,,,,,,,,,,,,,,,,
Methyl-n-Propylbenzene,isomer1_C10H14,0.006,0.008,0.009,,0.0044,0.0044,0.018,0.002,,,,,,,,,,,,,,,,,,,,,,,,,,,
Methyl-n-Propylbenzene,isomer2_C10H14,0.005,0.007,0.008,,0.0037,0.0037,0.015,0.002,,,,,,,,,,,,,,,,,,,,,,,,,,,
Methylbenzofuran,isomer4_C9H8O,0,0,0,,0.00085,0.00085,0,0,,,,,,,,,,,,,,,,,,,,,,,,,,,
Methylbenzofuran_i1,isomer1_C9H8O,0.008,0.011,0.013,,0.0121,0.0121,0.027,0.024,,,,,,,,,,,,,,,,,,,,,,,,,,,
Methylbenzofuran_i2,isomer2_C9H8O,0.014,0.02,0.023,,0.019,0.019,0.046,0.038,,,,,,,,,,,,,,,,,,,,,,,,,,,
Methylbenzofuran_i3,isomer3_C9H8O,0.02,0.028,0.033,,0.0324,0.0324,0.066,0.052,,,,,,,,,,,,,,,,,,,,,,,,,,,
MethylButanoate,C5H10O2,0.011,0.015,0.017,,0.0027,0.0027,0.035,0.004,,,,,,,,,,,,,,,,,,,,,,,,,,,
MethylCyclopentadiene_i1,isomer1_C6H8,0.006,0.008,0.01,,0.00575,0.00575,0.019,0.028,,,,,,,,,,,,,,,,,,,,,,,,,,,
MethylCyclopentadiene_i2,isomer2_C6H8,0.006,0.008,0.01,,0.0054,0.0054,0.019,0.031,,,,,,,,,,,,,,,,,,,,,,,,,,,
MethylDiazine_i1,isomer1_C5H6N2,0.009,0.012,0.014,,0.0105,0.0105,0.028,0.044,,,,,,,,,,,,,,,,,,,,,,,,,,,
MethylMethacrylate,C5H8O2,0.022,0.03,0.035,,0.0326,0.0326,0.07,0.076,,,,,,,,,,,,,,,,,,,,,,,,,,,
Monoterpenes,C10H16,0.253,0.351,0.413,0.41,0.146,0.146,0.82,0.695,,,,,,,,,,,,,,,,,,,,,,,,,,,
Myrcene,C10H16,0.002,0.004,0.004,,0.0102,0.0102,0.058,0.036,,,,,,,,,,,,,,,,,,,,,,,,,,,
n-Butanal,C4H8O,0.032,0.03,0.035,,0.0226,0.0226,0.048,0.114,,,,,,,,,,,,,,,,,,,,,,,,,,,
n-Butane,C4H10,0.036,0.076,0.126,0.061,0.0446,0.0446,0.195,0.479,,,,,,,,,,,,,,,,,,,,,,,,,,,
n-Butylbenzene,C10H14,0.008,0.011,0.012,,0.0066,0.0066,0.025,0.013,,,,,,,,,,,,,,,,,,,,,,,,,,,
n-Decane,C10H22,0.019,0.012,0.014,,0.0148,0.0148,0.027,0.027,,,,,,,,,,,,,,,,,,,,,,,,,,,
n-Heptane,C7H16,0.008,0.024,0.026,0.014,0.0211,0.0211,0.043,0.048,,,,,,,,,,,,,,,,,,,,,,,,,,,
n-Hexanal,C6H12O,0.023,0.032,0.038,,0.0163,0.0163,0.075,0.159,,,,,,,,,,,,,,,,,,,,,,,,,,,
n-Hexane,C6H14,0.012,0.027,0.032,0.021,0.00925,0.00925,0.061,0.11,,,,,,,,,,,,,,,,,,,,,,,,,,,
n-Octane,C8H18,0.008,0.02,0.023,,0.019,0.019,0.036,0.039,,,,,,,,,,,,,,,,,,,,,,,,,,,
n-Pentane,C5H12,0.007,0.027,0.055,0.03,0.0172,0.0172,0.095,0.212,,,,,,,,,,,,,,,,,,,,,,,,,,,
n-Propylbenzene,C9H12,0.005,0.009,0.01,,0.0096,0.0096,0.031,0.012,,,,,,,,,,,,,,,,,,,,,,,,,,,
n-Undecane,C11H24,0.016,0.022,0.025,,0.0189,0.0189,0.05,0.043,,,,,,,,,,,,,,,,,,,,,,,,,,,
Naphthalene,C10H8,0.199,0.277,0.325,,0.173,0.173,0.645,0.815,,,,,,,,,,,,,,,,,,,,,,,,,,,
Nonadiene,C9H16,0.002,0.003,0.003,,0.00205,0.00205,0.007,0,,,,,,,,,,,,,,,,,,,,,,,,,,,
Nonane,C9H20,0.019,0.012,0.014,,0.013,0.013,0.034,0.023,,,,,,,,,,,,,,,,,,,,,,,,,,,
o-Xylene,C8H10,0.025,0.027,0.05,0.038,0.038,0.038,0.072,0.101,,,,,,,,,,,,,,,,,,,,,,,,,,,
Octadiene,C8H14,0.018,0.024,0.029,,0.0231,0.0231,0.057,0.05,,,,,,,,,,,,,,,,,,,,,,,,,,,
Other C6H10,isomer4,0.153,0.187,0.219,,0.00295,0.00295,0.436,0.008,,,,,,,,,,,,,,,,,,,,,,,,,,,
Other C6H10,isomer1_C6H10,0.007,0.009,0.011,,0.0015,0.0015,0.021,0.001,,,,,,,,,,,,,,,,,,,,,,,,,,,
Other C6H10,isomer2_C6H10,0.001,0.001,0.001,,0.0017,0.0017,0.002,0.004,,,,,,,,,,,,,,,,,,,,,,,,,,,
Other C6H10,isomer3_C6H10,0.001,0.002,0.002,,0.0155,0.0155,0.004,0.016,,,,,,,,,,,,,,,,,,,,,,,,,,,
Other C6H10,isomer5_C6H10,0.003,0.004,0.005,,0.0013,0.0013,0.009,0.004,,,,,,,,,,,,,,,,,,,,,,,,,,,
p-Cymene,C10H14,0.002,0.071,0.083,,0.117,0.117,0.422,0.059,,,,,,,,,,,,,,,,,,,,,,,,,,,
Pentadieneisomer,C5H8,0.002,0.003,0.003,,0.00615,0.00615,0.007,0.012,,,,,,,,,,,,,,,,,,,,,,,,,,,
Pentenone,C5H8O,0.317,0.44,0.517,,0.231,0.231,1.028,3.78,,,,,,,,,,,,,,,,,,,,,,,,,,,
Pentenyneisomers,C5H6,0.002,0.002,0.003,,0.00825,0.00825,0.005,0.012,,,,,,,,,,,,,,,,,,,,,,,,,,,
Phenol,C6H5OH,0.282,0.473,0.8,,0.453,0.453,0.15,2.6405,,,,,,,,,,,,,,,,,,,,,,,,,,,
Propanal,C3H6O,0.088,0.123,0.144,1.13,0.0969,0.0969,0.286,0.353,,,,,,,,,,,,,,,,,,,,,,,,,,,
Propane,C3H8,0.094,0.23,0.242,0.24,0.889,0.889,0.802,0.797,,,,,,,,,,,,,,,,,,,,,,,,,,,
Propanenitrile,C3H5N,0.007,0.01,0.012,,0.0117,0.0117,0.023,0.024,,,,,,,,,,,,,,,,,,,,,,,,,,,
Propylene,C3H6,0.426,0.445,0.723,,0.532,0.532,1.06,1.7905,,,,,,,,,,,,,,,,,,,,,,,,,,,
Propyne,C3H4,0.056,0.029,0.033,,0.0283,0.0283,0.019,0.042,,,,,,,,,,,,,,,,,,,,,,,,,,,
Pyrrole,C4H5N,0.006,0.009,0.01,,0.0127,0.0127,0.021,0.051,,,,,,,,,,,,,,,,,,,,,,,,,,,
Pyruvic Acid,C3H4O3,0.014,0.019,0.023,,0.00885,0.00885,0.045,0.269,,,,,,,,,,,,,,,,,,,,,,,,,,,
Resorcinol,C6H6O2,1.009,1.402,1.647,,0.189,0.189,3.273,2.69,,,,,,,,,,,,,,,,,,,,,,,,,,,
Sesquiterpenes,C15H24,0.05,0.07,0.082,,0.0167,0.163,0.095,0.095,,,,,,,,,,,,,,,,,,,,,,,,,,,
Styrene,C8H8,0.04,0.059,0.069,,0.0881,0.0881,0.064,0.117,,,,,,,,,,,,,,,,,,,,,,,,,,,
Terpinolene,C10H16,0.003,0.004,0.005,,0.0068,0.0068,0.01,0.007,,,,,,,,,,,,,,,,,,,,,,,,,,,
Tetrahydrofuran,C4H8O,0,0,0,,0.0016,0.0016,0.001,0.006,,,,,,,,,,,,,,,,,,,,,,,,,,,
Toluene,C6H5CH3,0.199,0.24,0.229,0.24,0.174,0.174,0.579,0.488,,,,,,,,,,,,,,,,,,,,,,,,,,,
trans-1_3-Hexadiene,C6H10,0.004,0.005,0.006,,0.00375,0.00375,0.012,0.008,,,,,,,,,,,,,,,,,,,,,,,,,,,
trans-1_3-Pentadiene,C5H8,0.023,0.022,0.026,,0.0264,0.0264,0.052,0.054,,,,,,,,,,,,,,,,,,,,,,,,,,,
trans-2-Butene,C4H8,0.035,0.02,0.046,0.0068,0.0156,0.0156,0.112,0.125,,,,,,,,,,,,,,,,,,,,,,,,,,,
trans-2-Pentene,C5H10,0.016,0.015,0.018,,0.0132,0.0132,0.04,0.033,,,,,,,,,,,,,,,,,,,,,,,,,,,
Vinyl Acetate,C4H6O2,0,0,0,,0.00035,0.00035,0,0,,,,,,,,,,,,,,,,,,,,,,,,,,,
"1,2-Dichloroethane",,,,,0.00082,,,,,,,,,,,,,,,,,,,,,,,,,,,,,,,
"1,2-Propadiene",,,,,0.011,,,,,,,,,,,,,,,,,,,,,,,,,,,,,,,
2-Butyl nitrate,,,,,0.0011,,,,,,,,,,,,,,,,,,,,,,,,,,,,,,,
2-Pentyl nitrate,,,,,0.00028,,,,,,,,,,,,,,,,,,,,,,,,,,,,,,,
"2,3-Butanedione",,,,,2.1,,,,,,,,,,,,,,,,,,,,,,,,,,,,,,,
"2,3-Dimethylbutane",,,,,0.00096,,,,,,,,,,,,,,,,,,,,,,,,,,,,,,,
3-Methyl-2-butyl nitrate,,,,,0.00039,,,,,,,,,,,,,,,,,,,,,,,,,,,,,,,
3-Pentyl nitrate,,,,,0.00024,,,,,,,,,,,,,,,,,,,,,,,,,,,,,,,
Ammonium,,,,,0.34,,,,,,,,,,,,,,,,,,,,,,,,,,,,,,,
Butadiene hydroxynitrates,,,,,0.014,,,,,,,,,,,,,,,,,,,,,,,,,,,,,,,
Butene hydroxynitrates,,,,,0.029,,,,,,,,,,,,,,,,,,,,,,,,,,,,,,,
C4-dihydroxycarbonyls,,,,,0.047,,,,,,,,,,,,,,,,,,,,,,,,,,,,,,,
C4-hydroxydicarbonyls/ C5-alkenediols,,,,,0.11,,,,,,,,,,,,,,,,,,,,,,,,,,,,,,,
Carbonyl sulfide,,,,,0.0059,,,,,,,,,,,,,,,,,,,,,,,,,,,,,,,
Chloride,,,,,0.19,,,,,,,,,,,,,,,,,,,,,,,,,,,,,,,
Dibromomethane,,,,,0.00018,,,,,,,,,,,,,,,,,,,,,,,,,,,,,,,
Dichloromethane,,,,,0.0013,,,,,,,,,,,,,,,,,,,,,,,,,,,,,,,
Dimethyl sulfide,,,,,0.0031,,,,,,,,,,,,,,,,,,,,,,,,,,,,,,,
Ethanal nitrate,,,,,0.0027,,,,,,,,,,,,,,,,,,,,,,,,,,,,,,,
Ethene hydroxynitrate,,,,,0.013,,,,,,,,,,,,,,,,,,,,,,,,,,,,,,,
Ethyl nitrate,,,,,0.00084,,,,,,,,,,,,,,,,,,,,,,,,,,,,,,,
HCFC-141b,,,,,0.00097,,,,,,,,,,,,,,,,,,,,,,,,,,,,,,,
HCFC-142b,,,,,0.00026,,,,,,,,,,,,,,,,,,,,,,,,,,,,,,,
HFC-152a,,,,,0.00068,,,,,,,,,,,,,,,,,,,,,,,,,,,,,,,
Hydrochloric acid,,,,,0.0039,,,,,,,,,,,,,,,,,,,,,,,,,,,,,,,
Hydrogen peroxide,,,,,0.6,,,,,,,,,,,,,,,,,,,,,,,,,,,,,,,
Hydroperoxy acetone,,,,,0.086,,,,,,,,,,,,,,,,,,,,,,,,,,,,,,,
Hydroxyacetone,,,,,1.13,,,,,,,,,,,,,,,,,,,,,,,,,,,,,,,
Hydroxymethylhydrogenperoxide,,,,,0.19,,,,,,,,,,,,,,,,,,,,,,,,,,,,,,,
i-Butene,,,,,0.043,,,,,,,,,,,,,,,,,,,,,,,,,,,,,,,
i-Propyl nitrate,,,,,0.002,,,,,,,,,,,,,,,,,,,,,,,,,,,,,,,
Isoprene hydroperoxyaldehydes,,,,,0.17,,,,,,,,,,,,,,,,,,,,,,,,,,,,,,,
Isoprene hydroxy hydroperoxides/ isoprene epoxydiols,,,,,0.076,,,,,,,,,,,,,,,,,,,,,,,,,,,,,,,
Isoprene hydroxynitrates,,,,,0.017,,,,,,,,,,,,,,,,,,,,,,,,,,,,,,,
Methyl bromide,,,,,0.00081,,,,,,,,,,,,,,,,,,,,,,,,,,,,,,,
Methyl chloride,,,,,0.027,,,,,,,,,,,,,,,,,,,,,,,,,,,,,,,
Methyl iodide,,,,,0.00037,,,,,,,,,,,,,,,,,,,,,,,,,,,,,,,
Methyl nitrate,,,,,0.0015,,,,,,,,,,,,,,,,,,,,,,,,,,,,,,,
Methyl vinyl ketone / methacrolein hydroxynitrates,,,,,0.021,,,,,,,,,,,,,,,,,,,,,,,,,,,,,,,
n-Propyl nitrate,,,,,0.00044,,,,,,,,,,,,,,,,,,,,,,,,,,,,,,,
Nitrate,,,,,0.87,,,,,,,,,,,,,,,,,,,,,,,,,,,,,,,
Nitrogen dioxide,,,,,0.58,,,,,,,,,,,,,,,,,,,,,,,,,,,,,,,
Nitrogen monoxide,,,,,0.11,,,,,,,,,,,,,,,,,,,,,,,,,,,,,,,
Nitroxyhydroperoxide/nitroxyhydroxyepoxide,,,,,0.019,,,,,,,,,,,,,,,,,,,,,,,,,,,,,,,
Organic aerosol,,,,,24.3,,,,,,,,,,,,,,,,,,,,,,,,,,,,,,,
Peroxyacetic acid/hydroperoxy glycolaldehyde,,,,,0.24,,,,,,,,,,,,,,,,,,,,,,,,,,,,,,,
Propanone nitrate,,,,,0.004,,,,,,,,,,,,,,,,,,,,,,,,,,,,,,,
Propene,,,,,0.35,,,,,,,,,,,,,,,,,,,,,,,,,,,,,,,
Propene hydroxynitrates,,,,,0.021,,,,,,,,,,,,,,,,,,,,,,,,,,,,,,,
Sulfate,,,,,0.3,,,,,,,,,,,,,,,,,,,,,,,,,,,,,,,